# Scope: Major cybersecurity events in 2016, focusing on vulnerabilities, takedowns, and policy.
# Assumptions: Dates are based on public disclosure or event occurrence.
# Array Format: Lists (e.g., CVEs, malware) are semicolon-separated and enclosed in quotes.
event_id,date,event_type,title,description,affected_software_or_ecosystem,cve_ids,related_malware_families,potential_impact_on_malware,metrics,source_ids,confidence_score,notes
EVT-2016-02-18,2016-02-18,law_enforcement_takedown,Dutch police arrest alleged authors of 'CoinVault' ransomware,Dutch police arrested two men suspected of developing the CoinVault and Bitcryptor ransomware. Authorities also obtained the decryption key database._x000D_,,,,,,,,
,N/A,N/A,CoinVault; Bitcryptor,Reduces activity of specific ransomware families; provides decryption keys to victims.,"{""keys_recovered"":14000}",https://www.kaspersky.com/blog/coinvault-decryptor/11823/,0.9,Successful law enforcement action that directly led to a decryption tool being made available for victims.,,,,
EVT-2016-04-12,2016-04-12,new_cve,Vulnerability in Adobe Flash Player (CVE-2016-1019),A critical remote code execution vulnerability in Adobe Flash Player was disclosed and actively exploited in the wild. Patched by Adobe in APSB16-10.,Adobe Flash Player,CVE-2016-1019,Cerber,"Enables initial access and payload delivery via exploit kits (e.g., Magnitude EK).","{""cve_cvss_v3"":9.8,""exploit_available"":true}",https://nvd.nist.gov/vuln/detail/CVE-2016-1019,0.9,Flash vulnerabilities were a primary vector for exploit kits delivering ransomware like Cerber and Locky in 2016.
EVT-2016-05-18,2016-05-18,research_release,TeslaCrypt operators release master decryption key,The operators of the TeslaCrypt ransomware shut down their operation and publicly released the master decryption key, allowing all victims to recover their files for free.,N/A,N/A,TeslaCrypt,Effectively ends the threat from this specific ransomware family.,"{""notes"":""All victims can decrypt files for free.""}",https://www.bleepingcomputer.com/news/security/teslacrypt-shuts-down-and-releases-master-decryption-key/,0.9
EVT-2016-06-01,2016-06-01,infrastructure_disruption,Temporary shutdown of Necurs botnet,The Necurs botnet, the primary distribution engine for Locky ransomware, went offline for several weeks. This caused a massive, immediate drop in Locky spam campaigns.,N/A,N/A,Locky,Temporarily halts initial access for a major ransomware family.,"{""spam_drop_percent"":97}"
EVT-2016-08-13,2016-08-13,tool_release,Shadow Brokers first leak,The Shadow Brokers group released their first cache of alleged NSA hacking tools. While the most damaging tools (like EternalBlue) were not in this initial dump, it signaled a new threat of nation-state tools being available to criminals.,N/A,N/A,N/A,"Signaled the future availability of highly effective exploits, which would later be used by ransomware.","{""notes"":""Initial 'auction' of tools.""}",https://en.wikipedia.org/wiki/The_Shadow_Brokers,0.9
EVT-2016-09-20,2016-09-20,major_incident,Krebs on Security hit by record 620 Gbps DDoS,Brian Krebs's website was targeted by a massive DDoS attack (620 Gbps) launched by the Mirai botnet, forcing it offline. The scale of the attack was unprecedented at the time.,N/A,N/A,Mirai,Demonstrated the power of IoT botnets and the massive scale of DDoS attacks they could generate.,"{""peak_bandwidth_gbps"":620}",https://krebsonsecurity.com/2016/09/krebsonsecurity-hit-with-record-ddos/,1.0
EVT-2016-10-01,2016-10-01,tool_release,Mirai botnet source code released,The source code for the Mirai botnet was publicly released on a hacking forum.,Linux IoT Devices,N/A,Mirai,"Dramatically lowers the bar for creating new IoT botnets, leading to numerous variants and widespread scanning/attacks.","{""notes"":""Source code posted publicly.""}",https://krebsonsecurity.com/2016/10/source-code-for-iot-botnet-mirai-released/,1.0,Directly led to the proliferation of Mirai variants and the subsequent Dyn DDoS attack.
EVT-2016-10-21,2016-10-21,major_incident,Dyn DNS DDoS Attack,The Mirai botnet was used to launch a 1.2 Tbps DDoS attack against DNS provider Dyn, causing widespread outages for major websites in North America and Europe, including Twitter, Netflix, and Reddit.,DNS Infrastructure,N/A,Mirai,Demonstrated the systemic risk of insecure IoT devices to core internet infrastructure.
EVT-2016-10-12,2016-10-12,new_cve,Dirty COW Vulnerability (CVE-2016-5195),A critical privilege escalation vulnerability in the Linux kernel was disclosed. It allowed a local user to gain root privileges.,Linux Kernel,CVE-2016-5195,N/A,"Provides a mechanism for malware on a compromised Linux host (e.g., a web server) to gain full administrative rights.","{""cve_cvss_v3"":7.8,""exploit_available"":true}",https://nvd.nist.gov/vuln/detail/CVE-2016-5195,0.9,"A fundamental Linux vulnerability that existed for many years, impacting a vast number of servers and devices (including Android)."
EVT-2016-12-01,2016-12-01,law_enforcement_takedown,Avalanche botnet infrastructure takedown,A global law enforcement operation dismantled the 'Avalanche' botnet infrastructure, which was a delivery platform for numerous malware families, including ransomware and banking trojans.,N/A,N/A,N/A (various),Disrupts the C2 and delivery infrastructure for a wide range of malware families.,"{""servers_seized"":39,""domains_sinkholed"":800000}",https://www.europol.europa.eu/media-press/newsroom-press-releases/avalanche-network-dismantled-in-international-cyber-operation
EVT-2017-03-07,2017-03-07,tool_release,WikiLeaks publishes 'Vault 7' (Year Zero),WikiLeaks began publishing 'Vault 7', a series of documents detailing CIA hacking tools and capabilities. This included exploits for iOS, Android, and smart TVs.,N/A,N/A,N/A,"Revealed numerous zero-day vulnerabilities and nation-state cyber capabilities, increasing awareness and risk.","{""notes"":""Revealed CIA hacking tools.""}"
EVT-2017-03-14,2017-03-14,patch_release,Microsoft releases MS17-010,Microsoft released security bulletin MS17-010, which patched multiple critical vulnerabilities in the Windows SMBv1 server. This patch was critical in stopping WannaCry, but many organizations failed to apply it.,Windows SMBv1,CVE-2017-0144; CVE-2017-0145; CVE-2017-0146; CVE-2017-0147; CVE-2017-0148,WannaCry; NotPetya,"Provides the primary mitigation for the EternalBlue exploit, which fueled the largest ransomware outbreaks of the year.","{""cve_cvss_v3"":8.1,""vector"":""CVSS:3.0/AV:N/AC:H/PR:N/UI:N/S:U/C:H/I:H/A:H""}",https://docs.microsoft.com/en-us/security-updates/securitybulletins/2017/ms17-010
EVT-2017-04-14,2017-04-14,tool_release,Shadow Brokers leak 'EternalBlue' exploit,The Shadow Brokers group leaked the 'EternalBlue' (MS17-010) and 'EternalRomance' exploits, alleged to be NSA tools. These exploits allowed for remote code execution over SMBv1.,Windows SMBv1,CVE-2017-0144; CVE-2017-0145,WannaCry; NotPetya; Bad Rabbit,"Dramatically enables wormable malware, allowing ransomware to spread automatically and rapidly across networks without user interaction.","{""notes"":""Nation-state exploit leaked to public.""}",https://en.wikipedia.org/wiki/EternalBlue,1.0
EVT-2017-04-11,2017-04-11,new_cve,Microsoft Office RCE (CVE-2017-0199),A remote code execution vulnerability in Microsoft Office/WordPad was disclosed. It allowed code execution when a user opened a specially crafted document (e.g., RTF) containing an OLE object.,Microsoft Office; WordPad,CVE-2017-0199,NotPetya,Enables initial access via phishing documents. Was used as one of the infection vectors for NotPetya.,_x000D_,,
"{""cve_cvss_v3"":7.8,""exploit_available"":true}",https://nvd.nist.gov/vuln/detail/CVE-2017-0199,0.9,"This vulnerability was exploited by various malware, including as a secondary vector in the NotPetya attacks.",,,,,,,,,
EVT-2017-05-12,2017-05-12,major_incident,WannaCry Outbreak,A massive global ransomware attack using the EternalBlue exploit (MS17-010) to spread as a worm. It crippled organizations worldwide, most notably the UK's National Health Service (NHS).,Windows,CVE-2017-0144,WannaCry,Demonstrated the catastrophic impact of combining ransomware with a wormable nation-state exploit.,_x000D_,,
"{""infections"":300000,""countries"":150}",https://www.cisa.gov/news-events/alerts/2017/05/12/alert-wannacry-ransomware,1.0,The first major global wormable ransomware event.,,,,,,,,,
EVT-2017-06-27,2017-06-27,major_incident,NotPetya Outbreak / Wiper Attack,A destructive wiper attack disguised as ransomware, primarily targeting Ukraine via a compromised update to M.E.Doc software. It used EternalBlue and other methods for lateral movement, causing over $10B in global damages.,Windows,CVE-2017-0144; CVE-2017-0199,NotPetya,Demonstrated the use of a supply-chain attack to deploy a wiper with devastating financial and operational impact.,_x000D_,
"{""estimated_cost_usd"":10000000000}",https.www.cisa.gov/news-events/alerts/2017/07/01/petya-ransomware,1.0,Widely considered the most financially damaging cyberattack in history.,,,,,,,,,
EVT-2017-07-20,2017-07-20,law_enforcement_takedown,AlphaBay and Hansa Market Takedown,A coordinated international law enforcement operation seized and shut down two of the largest dark web marketplaces, AlphaBay and Hansa.,Dark Web Marketplaces,N/A,N/A,"Disrupts the ecosystem for selling malware, stolen data, and other cybercrime tools.",_x000D_,,
"{""notes"":""Major dark web market seizure.""}",https://www.justice.gov/opa/pr/alphabay-largest-online-dark-market-shut-down,0.9,"This operation disrupted a key hub for cybercriminal activity, including RaaS offerings.",,,,,,,,,
EVT-2017-09-07,2017-09-07,major_incident,Equifax Data Breach Announced,Equifax announced a massive data breach affecting 147 million people. The breach occurred from May-July 2017 by exploiting a vulnerability in Apache Struts (CVE-2017-5638).,Apache Struts,CVE-2017-5638,N/A,"Massive loss of sensitive PII (SSNs, birth dates), providing raw material for identity theft and sophisticated phishing for years to come.",_x000D_,,,
"{""records_affected"":147000000}",https://www.ftc.gov/enforcement/cases-proceedings/refunds/equifax-data-breach-settlement,1.0,"One of the most significant PII breaches in history, caused by failure to patch a known vulnerability.",,,,,,,,,
EVT-2017-03-07,2017-03-07,new_cve,Apache Struts RCE (CVE-2017-5638),A critical remote code execution vulnerability in Apache Struts 2 was disclosed. It was easy to exploit and allowed attackers to take full control of a web server.,Apache Struts 2,CVE-2017-5638,N/A,"Enables initial access to unpatched web servers, leading to data breaches (Equifax) and potential malware deployment.",_x000D_,,,
"{""cve_cvss_v3"":10.0,""exploit_available"":true}",https://nvd.nist.gov/vuln/detail/CVE-2017-5638,1.0,"The vulnerability responsible for the Equifax breach. It was patched, but Equifax failed to apply the patch.",,,,,,,,,
EVT-2017-12-12,2017-12-12,new_cve,Huawei Router Vulnerability (CVE-2017-17215),A remote code execution vulnerability in Huawei HG532 routers was disclosed. It was quickly exploited by a variant of the Mirai botnet (Satori).,Huawei HG532,CVE-2017-17215,Mirai (Satori),Provides a new vector for IoT botnets to compromise routers and add them to their network.,_x000D_,,,
"{""cve_cvss_v3"":8.8,""exploit_available"":true}",https://nvd.nist.gov/vuln/detail/CVE-2017-17215,0.9,Showed the continued evolution of IoT botnets actively incorporating new exploits.,,,,,,,,,
EVT-2018-01-03,2018-01-03,new_cve,Meltdown and Spectre Vulnerabilities Disclosed,Public disclosure of Meltdown (CVE-2017-5754) and Spectre (CVE-2017-5753, CVE-2017-5715), a class of side-channel vulnerabilities affecting nearly all modern CPUs.,Most CPUs (Intel, AMD, ARM),CVE-2017-5754; CVE-2017-5753; CVE-2017-5715,N/A,"Fundamental vulnerability in hardware, potentially allowing malware to bypass memory isolation and steal sensitive data (passwords, keys) from other processes."
"{""notes"":""Fundamental hardware flaw.""}",https://meltdownattack.com/,1.0,"A landmark event in hardware security, requiring massive patching efforts at the OS and firmware levels.",,,,,,,,,
EVT-2018-03-22,2018-03-22,major_incident,City of Atlanta hit by SamSam Ransomware,The City of Atlanta's municipal services were crippled by a targeted SamSam ransomware attack, disrupting services for days and costing millions in recovery.,N/A,N/A,SamSam,Highlighted the vulnerability of municipal governments to targeted ransomware and the high recovery costs.,_x000D_,,
"{""estimated_cost_usd"":8500000,""ransom_demand_usd"":52000}",https://www.wired.com/story/atlanta-ransomware-attack-samsam-inside-story/,0.9,"One of the most high-profile ransomware attacks on a US city, demonstrating the impact of 'big game hunting'.",,,,,,,,,
EVT-2018-05-23,2018-05-23,law_enforcement_takedown,FBI seizes VPNFilter C2 domain,The FBI seized a key C2 domain (toknowall.com) used by the VPNFilter botnet and publicly advised all SOHO router owners to reboot their devices to disrupt the malware.,SOHO Routers/NAS,N/A,VPNFilter,"Disrupted a large, state-sponsored botnet and mitigated the immediate threat of its destructive payload.",_x000D_,,,
{,,,,,,,,,,,,
EVT-2019-03-19,2019-03-19,major_incident,LockerGoga ransomware attack hits Norsk Hydro,Norwegian aluminium producer Norsk Hydro suffered a major cyber-attack that forced it to shut down operations across its global organisation. Investigations linked the attack to LockerGoga ransomware.,Industrial control systems,[],"[""LockerGoga""]",Demonstrated destructive potential of manual ransomware in industrial environments.,"{""downtime_hours"":168}","[""https://www.hydro.com/en/global/media/on-the-agenda/cyber-attack/#:~:text=Hydro%20became%20victim%20of%20an,of%20the%20company%27s%20business%20areas""]",0.8,Hydro publicly communicated the attack and refused to pay ransom.
EVT-2019-05-14,2019-05-14,patch_release,Microsoft releases fix for BlueKeep (CVE-2019-0708),Microsoft issued a critical patch for the remote desktop vulnerability known as BlueKeep. The wormable bug (CVE-2019-0708) could allow remote code execution on unpatched Windows systems.,"[""cpe:/o:microsoft:windows""]","[""CVE-2019-0708""]",[],Unpatched systems provided potential entry points for ransomware operators until widely patched.,"{""cvss"":9.8}","[""https://www.fortinet.com/blog/threat-research/bluekeep-rdp-attacks-starting-patch-now#:~:text=Microsoft%20patched%20a%20critical%20Remote,code%20on%20the%20target%20system""]",0.8,BlueKeep exploitation was later observed in the wild in November 2019.
EVT-2019-04-17,2019-04-17,exploit_release,REvil uses Oracle WebLogic vulnerability (CVE-2019-2725),Attackers began exploiting a deserialization flaw in Oracle WebLogic (CVE-2019-2725) to deploy the new ransomware Sodinokibi/REvil. Oracle released a patch on April 26.,"[""cpe:/a:oracle:weblogic_server""]","[""CVE-2019-2725""]","[""REvil (Sodinokibi)""]",Enabled initial access for REvil campaigns and signaled rise of aggressive RaaS.,"{""exploit_published"":true}","[""https://blog.talosintelligence.com/sodinokibi-ransomware-exploits-weblogic/#:~:text=Attackers%20are%20actively%20exploiting%20a,investigating%20these%20attacks%20and%20Sodinokibi""]",0.8,The vulnerability allowed unauthenticated remote code execution in WebLogic.
EVT-2019-08-16,2019-08-16,major_incident,Texas local government ransomware attack,A coordinated ransomware attack affected more than 20 small local government entities in Texas. The state activated its operations center and by August 23 had moved victims into recovery; no ransom was paid.,Local government networks,[],[],Highlighted vulnerabilities in municipal networks and spurred guidance on incident response and recovery.,"{""entities_impacted"":22}","[""https://dir.texas.gov/news/update-texas-local-government-ransomware-attack#:~:text=,entities%20were%20smaller%20local%20governments""]",0.8,The incident underscored the importance of preparedness in smaller government agencies.
EVT-2019-08-31,2019-08-31,botnet_activity,Emotet botnet reactivates after three‑month hiatus,Check Point researchers observed the Emotet botnet resume activity in August 2019 after being dormant since June. The botnet renewed spam campaigns with malicious Word documents delivering Emotet.,Email ecosystems,[],"[""Emotet""]","Reactivation boosted distribution of TrickBot and Ryuk, fueling subsequent ransomware incidents.","{""spam_campaigns"":true}","[""https://www.checkpoint.com/press-releases/september-2019s-most-wanted-malware-emotet-botnet-starts-spreading-spam-campaigns-again-after-a-three-month-silence/#:~:text=Research%20team%20is%20warning%20organizations,become%20active%20again%20in%20August""]",0.8,Emotet returned as the fifth most prevalent malware in September 2019.
EVT-2019-10-15,2019-10-15,technique_disclosure,Snatch ransomware observed rebooting Windows into Safe Mode,Sophos researchers discovered Snatch ransomware employing a novel technique: it forces Windows into Safe Mode to bypass security software before encrypting files.,"[""Microsoft Windows""]",[],"[""Snatch""]","Illustrated evolving ransomware evasion tactics, prompting vendors to update detection strategies.",{},"[""https://news.sophos.com/en-us/2019/12/09/snatch-ransomware-reboots-pcs-into-safe-mode-to-bypass-protection/#:~:text=In%20mid,encrypts%20the%20victims%E2%80%99%20hard%20drives""]",0.8,The safe mode technique prevented many endpoint products from loading.
EVT-2019-11-01,2019-11-01,exploit_in_the_wild,BlueKeep exploitation detected in the wild,By November 2019 security researchers observed active exploitation of the BlueKeep RDP vulnerability (CVE‑2019‑0708). Wormable exploits targeted unpatched systems despite Microsoft’s earlier patch release.,"[""cpe:/o:microsoft:windows""]","[""CVE-2019-0708""]",[],Raised concerns about ransomware worms similar to WannaCry and prompted urgency to patch.,"{""attacks_observed"":true}","[""https://www.fortinet.com/blog/threat-research/bluekeep-rdp-attacks-starting-patch-now#:~:text=Microsoft%20patched%20a%20critical%20Remote,code%20on%20the%20target%20system""]",0.7,"Although exploitation was limited, it demonstrated real-world risk for unpatched systems."
EVT-2019-12-01,2019-12-01,tactic_change,Maze ransomware pioneers double extortion,"Late in 2019, the Maze ransomware group began threatening to publish stolen data unless victims paid ransom, initiating the double‑extortion model that later became common among ransomware actors.",N/A,[],"[""Maze""]","Introduced a new extortion tactic that increased leverage on victims and inspired other groups (e.g., REvil, Conti).",{},"[""https://www.sentinelone.com/anthology/maze/#:~:text=Maze%20ransomware%20first%20appeared%20in,similar%20tactics%20against%20their%20victims""]",0.8,The double‑extortion model involved stealing data before encryption and threatening publication.
EVT-2019-01-24,2019-01-24,first_detection,First public report of LockerGoga ransomware,Security researchers discovered and publicly reported LockerGoga ransomware after it disrupted French engineering firm Altran. VirusTotal received the earliest sample on this date.,Corporate networks,[],"[""LockerGoga""]",Marked the emergence of a dangerous manual ransomware that later impacted other industrial firms.,{},"[""https://unit42.paloaltonetworks.com/born-this-way-origins-of-lockergoga/#:~:text=The%20LockerGoga%20ransomware%20was%20first,code%20path%20discovered%20by%20MalwareHunterTeam""]",0.8,LockerGoga required manual deployment via compromised credentials.
EVT-2019-12-31,2019-12-31,trend_summary,"2019 sees the “triple threat” of Emotet, TrickBot and Ryuk","Year‑end reports highlighted that the combination of Emotet as an initial loader, TrickBot for lateral movement, and Ryuk ransomware caused significant harm to organisations in 2019. The synergy allowed attackers to gain persistence, spread across networks and deploy destructive encryption.","[""Email clients"",""Windows""]",[],"[""Emotet"",""TrickBot"",""Ryuk""]",Demonstrated how modular malware ecosystems amplify impact; influenced future RaaS collaborations.,{},"[""https://www.webroot.com/nz/en/about/press-room/releases/2019s-nastiest-threats#:~:text=1.%20Emotet%20,stage%20payload%20off%20of%20Emotet"",""https://www.webroot.com/nz/en/about/press-room/releases/2019s-nastiest-threats#:~:text=1,infection%20chain%20with%20Bitpaymer%20ransomware""]",0.7,The triple threat remained a dominant ransomware delivery chain into 2020.
EVT-2020-03-01,2020-03-01,program_launch,NetWalker ransomware operators launch affiliate program,"In March 2020, the NetWalker gang introduced a ransomware-as-a-service (RaaS) affiliate model, allowing other attackers to deploy its malware in exchange for a revenue share.",N/A,[],"[""NetWalker""]",Expanded reach of NetWalker attacks through affiliate-driven distribution.,{},"[""https://www.emsisoft.com/en/blog/37677/ransomware-profile-netwalker/#:~:text=NetWalker%20is%20a%20type%20of,NetWalker%20team%20and%20their%20affiliates""]",0.8,The RaaS program attracted affiliates and increased attack volume.
EVT-2020-04-01,2020-04-01,discovery,FBI identifies Ragnar Locker ransomware active since December 2019,Authorities discovered that the Ragnar Locker group had been attacking organisations since December 2019. The group used RDP brute‑force and the Windows COM vulnerability CVE‑2017‑0213 for privilege escalation.,"[""cpe:/o:microsoft:windows""]","[""CVE-2017-0213""]","[""Ragnar Locker""]",Showcased new techniques such as executing ransomware inside a VirtualBox VM to evade detection.,{},"[""https://www.avertium.com/resources/threat-reports/ragnar-locker-ransomware-attacks-analysis#:~:text=Initially%20discovered%20in%20April%202020%2C,services%2C%20government%2C%20and%20information%20technology""]",0.8,The discovery emphasised the need for strong RDP security and VM monitoring.
EVT-2020-06-30,2020-06-30,patch_release,F5 releases critical patch for BIG-IP CVE‑2020‑5902,F5 disclosed and patched a critical remote code execution vulnerability (CVE-2020-5902) in BIG‑IP Traffic Management User Interface. The flaw allowed unauthenticated attackers to execute commands remotely.,"[""cpe:/a:f5:big-ip""]","[""CVE-2020-5902""]",[],Ransomware groups could leverage unpatched BIG-IP devices for initial access; the patch mitigated risk.,"{""cvss"":9.8}","[""https://www.f5.com/support/big-ip-vulnerability-cve-2020-5902#:~:text=Protect%20Against%20the%20BIG,5902""]",0.8,Follow-up guidance was released on July 8 due to active exploitation.
EVT-2020-07-08,2020-07-08,exploit_in_the_wild,Active exploitation of F5 BIG‑IP vulnerability prompts updated guidance,Security researchers observed active exploitation of the BIG‑IP CVE‑2020‑5902 vulnerability. F5 released updated mitigation guidance urging customers to patch or apply workarounds.,"[""cpe:/a:f5:big-ip""]","[""CVE-2020-5902""]",[],Unpatched devices were targeted by ransomware operators and other attackers for lateral movement.,"{""exploitation"":true}","[""https://blog.qualys.com/vulnerabilities-threat-research/2020/07/06/f5-big-ip-remote-code-execution-vulnerability-cve-2020-5902#:~:text=Update%20July%2010%2C%202020%3A%20F5,3%20and%20above""]",0.7,Demonstrated the speed at which critical vulnerabilities are weaponised.
EVT-2020-06-10,2020-06-10,malware_discovery,Avaddon ransomware discovered,"Security researchers identified a new ransomware strain named Avaddon, delivered via phishing emails with a double‑extension JavaScript downloader. It quickly evolved into a RaaS with double extortion.",Email clients and Windows systems,[],"[""Avaddon""]",Illustrated the ongoing proliferation of RaaS models and social engineering tactics.,{},"[""https://www.cybereason.com/blog/research/cybereason-vs.-avaddon-ransomware#:~:text=Over%20the%20last%20few%20months%2C,to%20download%20the%20malware%20loader"",""https://www.cybereason.com/blog/research/cybereason-vs.-avaddon-ransomware#:~:text=Ransomware%20medium,and%20RSA2048%20encryption%20keys""]",0.8,Avaddon later used the Phorpiex botnet to distribute malicious spam.
EVT-2020-08-11,2020-08-11,patch_release,Microsoft releases Zerologon patch (CVE‑2020‑1472),Microsoft issued an update addressing a critical Netlogon protocol vulnerability (CVE-2020-1472). The flaw allowed privilege escalation on domain controllers and was later dubbed Zerologon.,"[""cpe:/o:microsoft:windows_server""]","[""CVE-2020-1472""]",[],Prevented attackers from using the vulnerability to gain domain admin privileges and deploy ransomware.,"{""cvss"":10.0}","[""https://netwrix.com/en/cybersecurity-glossary/cyber-security-attacks/zerologon-vulnerability//#:~:text=The%20Zerologon%20vulnerability%20was%20first,the%20flaw%20and%20encouraged%20others"",""https://www.microsoft.com/en-us/msrc/blog/2020/10/attacks-exploiting-netlogon-vulnerability-cve-2020-1472#:~:text=Microsoft%20has%20received%20a%20small,and%20take%20over%20the%20domain""]",0.8,Administrators were urged to apply the patch immediately to domain controllers.
EVT-2020-09-17,2020-09-17,exploit_release,Public disclosure and exploit of Zerologon vulnerability,"Security firm Secura published a technical write-up on the Zerologon vulnerability, and proof-of-concept exploits became public. Attackers quickly exploited the bug to compromise Active Directory domains.","[""cpe:/o:microsoft:windows_server""]","[""CVE-2020-1472""]",[],Enabled ransomware groups to rapidly gain domain admin privileges and deploy payloads across networks.,"{""exploitation"":true}","[""https://netwrix.com/en/cybersecurity-glossary/cyber-security-attacks/zerologon-vulnerability//#:~:text=The%20Zerologon%20vulnerability%20was%20first,the%20flaw%20and%20encouraged%20others""]",0.8,Exploitation increased until further Microsoft phase updates were released.
EVT-2020-09-01,2020-09-01,malware_discovery,Egregor ransomware emerges,Egregor ransomware was first observed in September 2020. The group used phishing emails and existing malware like Qbot/IcedID to deliver payloads and engage in double extortion.,Email ecosystems,[],"[""Egregor""]",Signalled continuation of Maze operations and adoption of data leak threats by affiliates.,{},"[""https://attack.mitre.org/software/S0554/#:~:text=Egregor%20%20is%20a%20Ransomware,3"",""https://www.cybereason.com/blog/cybereason-vs-egregor-ransomware#:~:text=Egregor%20is%20a%20newly%20identified,industry%20giants%20Crytek%20and%20Ubisoft""]",0.8,Egregor is believed to be a successor to Sekhmet/Maze code.
EVT-2020-08-01,2020-08-01,malware_emergence,DarkSide ransomware introduced,DarkSide ransomware first surfaced in August 2020. Operators offered a ransomware-as-a-service model and boasted about charitable donations from ransom payments.,N/A,[],"[""DarkSide""]",Brought professionalisation to ransomware gangs and set the stage for high-profile attacks in 2021.,{},"[""https://www.trendmicro.com/en_us/research/21/e/what-we-know-about-darkside-ransomware-and-the-us-pipeline-attac.html#:~:text=Here%20is%20a%20short%20timeline,compiled%20from%20publicly%20available%20reports""]",0.8,DarkSide later attacked Colonial Pipeline in 2021.
EVT-2020-10-12,2020-10-12,law_enforcement_action,Microsoft and partners disrupt TrickBot botnet,"On 12 October 2020, Microsoft and telecommunications partners launched a coordinated legal and technical action to disrupt the TrickBot botnet, cutting off servers used for command and control.","[""TrickBot botnet""]",[],"[""TrickBot"",""Ryuk"",""Conti""]",Temporarily hindered distribution of ransomware via TrickBot and highlighted cooperation between private and government entities.,{},"[""https://www.microsoft.com/en-us/security/blog/2020/10/12/trickbot-disrupted/#:~:text=As%20announced%20today%2C%20Microsoft%20took,activate%20deployed%20payloads%20like%20ransomware""]",0.8,The disruption targeted command servers and infrastructure to slow malware operations.
EVT-2020-12-01,2020-12-01,law_enforcement_warning,FBI issues advisory on DoppelPaymer ransomware targeting critical sectors,"In December 2020, the FBI and CISA issued an alert warning that DoppelPaymer ransomware attacks were increasing against healthcare and critical infrastructure. The advisory highlighted the group’s data leak site and high ransom demands.",Healthcare and critical infrastructure networks,[],"[""DoppelPaymer""]",Raised awareness about an active threat and provided indicators of compromise and mitigation guidance.,{},"[""https://www.trendmicro.com/en_us/research/21/a/an-overview-of-the-doppelpaymer-ransomware.html#:~:text=In%20early%20December%202020%2C%20the,properly%20carry%20out%20their%20operations"",""https://www.trendmicro.com/en_us/research/21/a/an-overview-of-the-doppelpaymer-ransomware.html#:~:text=Like%20many%20modern%20ransomware%20families%2C,of%20the%20ransomware%E2%80%99s%20extortion%20scheme""]",0.7,The warning emphasised that DoppelPaymer uses Emotet and Dridex as initial access vectors.
EVT-2021-01-28,2021-01-28,law_enforcement_takedown,Operation Ladybird takes down Emotet botnet,"International law enforcement agencies disrupted the Emotet botnet, replacing malware on infected computers with a law enforcement file and severing command-and-control infrastructure.","[""Emotet botnet""]",[],"[""Emotet"",""TrickBot"",""Ryuk""]",Significantly reduced the distribution of malware and ransomware delivered via Emotet.,"{""botnet_nodes"":1600000}","[""https://www.justice.gov/archives/opa/pr/emotet-botnet-disrupted-international-cyber-operation#:~:text=Emotet%20Malware%20Infected%20More%20than,of%20Dollars%20in%20Damage%20Worldwide"",""https://www.justice.gov/archives/opa/pr/emotet-botnet-disrupted-international-cyber-operation#:~:text=The%20computers%20infected%20with%20Emotet,typically%20unaware%20of%20the%20infection""]",0.8,The takedown involved authorities from multiple countries and was one of the largest botnet disruptions.
EVT-2021-03-02,2021-03-02,patch_release,Microsoft patches Exchange Server ProxyLogon vulnerabilities,"Microsoft released security updates fixing four zero-day vulnerabilities (CVE‑2021‑26855, CVE‑2021‑26857, CVE‑2021‑26858, CVE‑2021‑27065) exploited by the HAFNIUM threat actor to attack on-premises Exchange Server. Organisations were urged to patch immediately.","[""cpe:/a:microsoft:exchange_server""]","[""CVE-2021-26855"",""CVE-2021-26857"",""CVE-2021-26858"",""CVE-2021-27065""]","[""Hafnium"",""Multiple ransomware families""]",Prevented attackers from leveraging SSRF and arbitrary file write to establish backdoors for ransomware deployment.,{},"[""https://www.microsoft.com/en-us/security/blog/2021/03/02/hafnium-targeting-exchange-servers/#:~:text=Microsoft%20has%20detected%20multiple%200,observed%20victimology%2C%20tactics%20and%20procedures"",""https://www.microsoft.com/en-us/security/blog/2021/03/02/hafnium-targeting-exchange-servers/#:~:text=CVE,authenticate%20as%20the%20Exchange%20server""]",0.8,These vulnerabilities were widely exploited before patches became available.
EVT-2021-05-07,2021-05-07,major_incident,Colonial Pipeline ransomware incident causes shutdown,"DarkSide ransomware infected Colonial Pipeline’s corporate network, prompting the pipeline operator to proactively shut down operations. The shutdown led to fuel shortages until operations resumed on May 13.",Industrial control networks,[],"[""DarkSide""]",Highlighted the real-world consequences of ransomware on critical infrastructure and prompted policy responses.,"{""pipeline_shutdown_days"":5}","[""https://www.energy.gov/ceser/colonial-pipeline-cyber-incident#:~:text=On%20May%207%2C%202021%2C%20the,delivery%20commenced%20to%20all%20markets"",""https://www.fbi.gov/news/press-releases/fbi-statement-on-compromise-of-colonial-pipeline-networks#:~:text=May%2010%2C%202021""]",0.8,The FBI confirmed DarkSide was responsible on May 10; the US government coordinated a response.
EVT-2021-06-02,2021-06-02,major_incident,JBS Foods hit by ransomware attributed to REvil,"Meat processing giant JBS suffered a ransomware attack, leading to temporary shutdown of production facilities. The FBI attributed the attack to the REvil (Sodinokibi) group, and JBS later admitted paying an $11 million ransom.",JBS corporate networks,[],"[""REvil (Sodinokibi)""]","Demonstrated that even well-resourced companies may pay ransom to avoid disruptions, potentially incentivising further attacks.","{""ransom_paid_usd"":11000000}","[""https://therecord.media/fbi-jbs-ransomware-attack-was-carried-out-by-revil#:~:text=The%20US%20Federal%20Bureau%20of,the%20world%E2%80%99s%20largest%20meatpacking%20company"",""https://therecord.media/fbi-jbs-ransomware-attack-was-carried-out-by-revil#:~:text=JBS%20first%20disclosed%20details%20about,in%20North%20America%20and%20Australia"",""https://jbsfoodsgroup.com/articles/jbs-usa-cyberattack-media-statement-june-9#:~:text=JBS%20USA%20today%20confirmed%20it,ensure%20no%20data%20was%20exfiltrated""]",0.8,JBS stated that no data was compromised and operations were largely restored at time of payment.
EVT-2021-07-02,2021-07-02,major_incident,Supply-chain ransomware attack through Kaseya VSA,REvil affiliates exploited an authentication bypass (CVE‑2021‑30116) in Kaseya VSA remote management software to distribute ransomware to managed service providers and their clients. Kaseya urged all on-premise customers to shut down servers; a patch was released on July 11.,"[""cpe:/a:kaseya:vsa""]","[""CVE-2021-30116""]","[""REvil (Sodinokibi)""]",Illustrated the risk of supply chain attacks and led to calls for stronger software vendor security.,{},"[""https://www.akamai.com/blog/security/kaseya-supply-chain-ransomware-attack#:~:text=On%20July%202%2C%202021%2C%C2%A0Kaseya%20disclosed,by%20Kaseya%20on%20July%2011"",""https://www.akamai.com/blog/security/kaseya-supply-chain-ransomware-attack#:~:text=The%20attackers%2C%20affiliates%20of%20the,to%20assist%20defenders%2C%C2%A0%20120%20Kaseya""]",0.8,This event affected hundreds of downstream businesses across several countries.
EVT-2021-07-06,2021-07-06,patch_release,Microsoft issues out-of-band updates for PrintNightmare (CVE‑2021‑34527),"In response to active exploitation of a Windows Print Spooler flaw, Microsoft assigned CVE‑2021‑34527 and released emergency patches on July 6–7. The vulnerability allowed remote code execution and privilege escalation.","[""cpe:/o:microsoft:windows""]","[""CVE-2021-34527""]",[],Reduced the attack surface for ransomware operators and prevented lateral movement via print spooler service.,{},"[""https://www.microsoft.com/en-us/msrc/blog/2021/07/clarified-guidance-for-cve-2021-34527-windows-print-spooler-vulnerability#:~:text=On%20Tuesday%20July%206%2C%202021%2C,update%20as%20soon%20as%20possible""]",0.8,Administrators were advised to apply the patch and disable the print spooler when not needed.
EVT-2021-08-01,2021-08-01,malware_emergence,LockBit 2.0 ransomware emerges,"The LockBit group released version 2.0 of its ransomware-as-a-service, incorporating a data exfiltration tool (StealBIT) and adopting a double-extortion scheme.",N/A,[],"[""LockBit 2.0""]",Illustrated the evolution of existing ransomware into more sophisticated RaaS models with built-in data theft.,{},"[""https://www.sentinelone.com/anthology/lockbit-2-0/#:~:text=LockBit%202,such%20as%20StealBIT%20for%20exfiltration""]",0.8,LockBit 2.0 targeted medium-to-large enterprises with high ransoms and strict affiliate rules.
EVT-2021-10-18,2021-10-18,security_advisory,Joint cybersecurity advisory warns about BlackMatter ransomware,"NSA, CISA and FBI released a joint advisory warning organisations about BlackMatter ransomware. The advisory stated BlackMatter was first seen in July 2021 and provided mitigation recommendations.",Network infrastructure,[],"[""BlackMatter""]",Raised awareness and encouraged organisations to implement protections against credential compromise and backup destruction.,{},"[""https://www.nsa.gov/Press-Room/Press-Releases-Statements/Press-Release-View/Article/2813927/cisa-fbi-and-nsa-release-blackmatter-ransomware-advisory-to-help-organizations/#:~:text=Press%20Release%20,2021""]",0.8,Advisory emphasised using multi-factor authentication and offline backups.
EVT-2021-10-21,2021-10-21,law_enforcement_takedown,REvil ransomware gang taken offline in coordinated operation,"A multi-country operation hacked REvil’s servers and took over its infrastructure, causing the group’s leak site and payment portal to go offline. The action followed earlier arrests of REvil affiliates.","[""REvil infrastructure""]",[],"[""REvil (Sodinokibi)""]",Disrupted one of the most prolific RaaS providers and signaled increased international cooperation against ransomware.,{},"[""https://www.reuters.com/technology/exclusive-governments-turn-tables-ransomware-gang-revil-by-pushing-it-offline-2021-10-21/#:~:text=Oct%2021%20%28Reuters%29%20,States%20and%20one%20former%20official"",""https://www.reuters.com/technology/exclusive-governments-turn-tables-ransomware-gang-revil-by-pushing-it-offline-2021-10-21/#:~:text=,%E2%80%9D""]",0.8,REvil’s Happy Blog and payment sites disappeared following the takedown.
EVT-2021-12-09,2021-12-09,exploit_release,Critical Log4Shell vulnerability disclosed,"A zero-day remote code execution vulnerability (CVE‑2021‑44228) in the Apache Log4j2 library was publicly disclosed, allowing attackers to execute code via crafted log messages. The bug affected numerous Java-based applications.","[""Apache Log4j2"",""Java applications""]","[""CVE-2021-44228""]",[],"Provided an extremely easy exploitation path for attackers, including ransomware groups, to gain initial access to servers.","{""cvss"":10.0}","[""https://blog.qualys.com/vulnerabilities-threat-research/2021/12/10/apache-log4j2-zero-day-exploited-in-the-wild-log4shell#:~:text=An%20exploit%20for%20a%20critical,being%20exploited%20in%20the%20wild""]",0.8,Apache released version 2.16.0 to fix the vulnerability; exploitation was observed shortly after disclosure.
EVT-2022-03-01,2022-03-01,malware_release,LockBit 3.0 (Black) Released,"LockBit RaaS developers released version 3.0, also known as LockBit Black, featuring improved encryption and triple-extortion tactics.",[],"[""CVE-2021-34473"", ""CVE-2021-34523"", ""CVE-2021-31207""]","[""LockBit""]",Increased sophistication of LockBit RaaS and expansion to new affiliates.,"{""victim_count_estimate"": 200}","[""https://www.cisa.gov/sites/default/files/2023-09/2023-09-26-faa-stopransomware-lockbit3.0-black-508c.pdf""]",0.9,LockBit Black replaced version 2.0 with new features and quickly became the most deployed ransomware variant globally in 2022https://www.cisa.gov/news-events/cybersecurity-advisories/aa23-165a#:~:text=In%202022%2C%20LockBit%20was%20the
EVT-2022-05-19,2022-05-19,group_shutdown,Conti Ransomware Gang Shutdown,Researchers reported the voluntary shutdown of the Conti ransomware operation; its members split into smaller groups like Karakurt and BlackByte.,[],"[""CVE-2020-1472"", ""CVE-2021-26855""]","[""Conti"", ""Karakurt"", ""BlackByte""]",Reorganization of Conti affiliates into other ransomware groups.,{},"[""https://thehackernews.com/2022/05/conti-ransomware-operation-shut-down.html""]",0.7,Conti disbanded after its reputation was damaged by leaks and geopolitical issues; affiliates formed new groupshttps://thehackernews.com/2022/05/conti-ransomware-gang-shut-down-after.html#:~:text=%EE%A0%82May%2024%2C%202022%EE%A0%84Ravie%20Lakshmanan.
EVT-2022-06-16,2022-06-16,law_enforcement_takedown,RSOCKS Botnet Dismantled,International law enforcement operation dismantled the Russian RSOCKS proxy botnet that had compromised millions of devices.,"[""IoT devices""]",[],"[""RSOCKS""]",Reduced availability of proxy botnets for cybercriminals.,"{""botnet_nodes"": 1000000}","[""https://www.justice.gov/opa/pr/justice-department-announces-court-authorized-international-law-enforcement-operation-disrupted""]",0.9,The takedown targeted servers across the U.S. and Europe and seized the botnet’s infrastructurehttps://www.justice.gov/usao-sdca/pr/russian-botnet-disrupted-international-cyber-operation#:~:text=SAN%20DIEGO%20%E2%80%93%20The%20U
EVT-2022-05-31,2022-05-31,patch_release,Workaround for Follina Vulnerability Released,"Microsoft and CISA released guidance to mitigate the Follina zero-day (CVE-2022-30190) affecting MSDT, which allowed remote code execution through malicious Office documents.","[""Microsoft Windows Support Diagnostic Tool""]","[""CVE-2022-30190""]",[],Reduced exploitation surface for malware using malicious Office documents.,"{""cvss_score"": 7.8}","[""https://www.cisa.gov/uscert/ncas/alerts/aa22-158a""]",0.8,CISA warned that the Follina vulnerability was being actively exploited and provided workarounds to disable MSDThttps://www.cisa.gov/news-events/alerts/2022/05/31/microsoft-releases-workaround-guidance-msdt-follina-vulnerability#:~:text=May%2031%2C%202022.
EVT-2022-09-01,2022-09-01,advisory_release,Vice Society Advisory Issued,"FBI, CISA, and MS-ISAC issued an advisory warning that Vice Society ransomware actors were disproportionately targeting the education sector, exploiting PrintNightmare vulnerabilities.","[""Windows Print Spooler""]","[""CVE-2021-1675"", ""CVE-2021-34527""]","[""Vice Society"", ""HelloKitty"", ""FiveHands"", ""Zeppelin""]",Raised awareness and recommended mitigations for educational institutions.,{},"[""https://www.cisa.gov/sites/default/files/publications/fbi_cisa_ms-isac_vice_society_ransomware_activity_2022.pdf""]",0.9,The advisory highlighted living-off-the-land techniques and exploitation of PrintNightmare to gain initial accesshttps://www.cisa.gov/news-events/cybersecurity-advisories/aa22-249a-0#:~:text=The%20Federal%20Bureau%20of%20Investigation
EVT-2022-07-11,2022-07-11,advisory_release,Maui Ransomware Guidance Published,"CISA and FBI released guidance on Maui ransomware targeting healthcare providers, emphasising manual execution and the unknown initial access vector.","[""Healthcare servers""]",[],"[""Maui""]",Promoted detection and mitigation measures against state-sponsored healthcare attacks.,{},"[""https://www.cisa.gov/sites/default/files/2022-07/aa22-187a_maui_ransomware_incident_response_guide.pdf""]",0.9,The guidance explained that Maui ransomware manually encrypts servers used for critical healthcare functionshttps://www.cisa.gov/news-events/cybersecurity-advisories/aa22-187a#:~:text=Technical%20Detailshttps://www.cisa.gov/news-events/cybersecurity-advisories/aa22-187a#:~:text=Maui%20ransomware%20%28
EVT-2022-06-01K,2022-06-01,advisory_release,Karakurt Data Extortion Group Advisory,"CISA, FBI, and Treasury warned about the Karakurt data extortion group that steals data, threatens auction, and demands ransom without deploying ransomware.","[""VPN appliances"", ""Network devices""]","[""CVE-2021-44228"", ""CVE-2020-25006""]","[""Karakurt""]",Increased focus on data exfiltration without encryption.,{},"[""https://www.cisa.gov/sites/default/files/publications/aa22-152a_karakurt_data_extortion_group.pdf""]",0.9,Victims of Karakurt reported ransoms between $25K and $13M; the group gains access via compromised credentials and outdated deviceshttps://www.cisa.gov/news-events/cybersecurity-advisories/aa22-152a#:~:text=have%20not%20reported%20encryption%20of
EVT-2022-12-14,2022-12-14,law_enforcement_takedown,Operation PowerOFF Booter Takedown,"U.S. law enforcement, in cooperation with international partners, seized multiple DDoS-for-hire ‘booter’ services and charged operators, part of Operation PowerOFF.","[""DDoS-for-hire services""]",[],"[""Botnets"", ""RSOCKS""]",Reduced DDoS capability for criminals.,"{""sites_seized"": 48}","[""https://www.justice.gov/opa/pr/justice-department-leads-effort-simultaneously-disrupting-ddos-for-hire-services-worldwide""]",0.8,The operation seized domains used to launch millions of DDoS attacks and charged six defendants; it complements the RSOCKS takedownhttps://www.justice.gov/usao-sdca/pr/russian-botnet-disrupted-international-cyber-operation#:~:text=%E2%80%9CThe%20RSOCKS%20botnet%20compromised%20millions
EVT-2022-12-20,2022-12-20,oss_report,OWASSRF Exploits Disclosed,Rapid7 researchers reported a new exploit chain combining CVE-2022-41080 and CVE-2022-41082 (OWASSRF) that bypassed ProxyNotShell mitigations to achieve remote code execution on Exchange servers.,"[""Microsoft Exchange Server""]","[""CVE-2022-41080"", ""CVE-2022-41082""]","[""Unknown""]",Enabled ransomware actors to gain initial access to vulnerable Exchange servers.,"{""exploit_available"": true}","[""https://www.rapid7.com/blog/post/2022/12/20/cve-2022-41080-a-proxy-not-the-proxynotshell-mitigations-are-not-enough/""]",0.8,"Rapid7 observed exploitation of the OWASSRF chain in December 2022, recommending patching to prevent remote code executionhttps://www.rapid7.com/blog/post/2022/12/21/cve-2022-41080-cve-2022-41082-rapid7-observed-exploitation-of-owassrf-in-exchange-for-rce/#:~:text=Beginning%20December%2020%2C%202022%2C%20Rapid7,OWA."
EVT-2022-06-20,2022-06-20,research,RapperBot IoT Malware Discovered,"Researchers identified a new IoT malware family, RapperBot, that brute-forced SSH and Telnet credentials to conscript devices into a DDoS botnet and later evolved to cryptojacking.","[""IoT devices""]",[],"[""RapperBot""]",Expanded botnet threat landscape for DDoS attacks and cryptomining.,"{""botnet_size_estimate"": 50000}","[""https://www.fortinet.com/blog/threat-research/rapperbot-persistence-conversion-cryptominer#""]",0.8,"Initial campaigns were observed in June 2022, with subsequent activity in August and December; the malware persists by adding SSH keys and later pivoted to cryptomininghttps://www.fortinet.com/blog/threat-research/rapperbot-ddos-botnet-expands-into-cryptojacking#:~:text=FortiGuard%20Labs%20has%20encountered%20new,DDoS%29%20attacks."
EVT-2023-01-26,2023-01-26,law_enforcement_takedown,Hive Ransomware Infrastructure Disrupted,"The FBI and international partners seized servers and websites used by Hive, captured decryption keys, and provided them to victims, preventing over $130 million in ransom demands.",[],"[""CVE-2020-12812"", ""CVE-2021-31207""]","[""Hive""]",Disrupted Hive operations and prevented further attacks.,"{""decryption_keys"": 300, ""victims_helped"": 500}","[""https://www.justice.gov/opa/pr/international-effort-disrupts-hive-ransomware-group""]",0.9,Law enforcement infiltrated Hive since July 2022 and took down its servers and leak sites in January 2023https://www.justice.gov/archives/opa/pr/us-department-justice-disrupts-hive-ransomware-variant#:~:text=Office%20of%20Public%20Affairs.
EVT-2023-05-27,2023-05-27,new_cve,MOVEit Transfer Zero-Day Exploited by CL0P,Attackers associated with CL0P exploited SQL injection vulnerability CVE-2023-34362 in Progress Software’s MOVEit Transfer to steal data using the LEMURLOOT web shell.,"[""Progress MOVEit Transfer""]","[""CVE-2023-34362""]","[""CL0P""]",Enabled large-scale data breaches and extortion by CL0P and affiliates.,{},"[""https://www.cisa.gov/sites/default/files/2023-06/aa23-158a_stopransomware_clop_moveit.pdf""]",0.9,"Starting May 27, 2023, CL0P exploited CVE-2023-34362 in MOVEit Transfer using a web shell to steal datahttps://www.cisa.gov/news-events/cybersecurity-advisories/aa23-158a#:~:text=According%20to%20open%20source%20information%2C,MFT%20servers%20in%20early%202023."
EVT-2023-08-29,2023-08-29,law_enforcement_takedown,Operation Duck Hunt – Qakbot Botnet Disrupted,"An international operation redirected Qakbot traffic to FBI-controlled servers and deployed an uninstaller to remove the malware from over 700,000 computers, seizing $8.6 million in cryptocurrency.",[],[],"[""Qakbot"", ""Ransomware families using Qakbot""]",Removed a major initial access botnet used by numerous ransomware groups.,"{""infected_systems"": 700000, ""seized_funds_usd"": 8600000}","[""https://www.justice.gov/opa/pr/justice-department-disrupts-qakbot-botnet""]",0.9,The takedown drastically reduced Qakbot-related ransomware operations and freed victims from ongoing infectionshttps://www.justice.gov/usao-cdca/pr/qakbot-malware-disrupted-international-cyber-takedown#:~:text=Qakbot%20Malware%20Infected%20More%20Than
EVT-2023-12-19,2023-12-19,law_enforcement_takedown,BlackCat/ALPHV Ransomware Disruption,"The U.S. Department of Justice announced the disruption of BlackCat/ALPHV, including development of a decryption tool and seizure of several websites used for extortion.",[],[],"[""BlackCat/ALPHV""]",Decreased operations of a prolific RaaS group and aided hundreds of victims.,"{""victims_helped"": 500, ""losses_prevented_usd"": 68000000}","[""https://www.justice.gov/opa/pr/justice-department-disrupts-alphv-blackcat-ransomware-operation""]",0.9,"The FBI’s decryption tool helped over 500 victims and saved roughly $68 million; BlackCat had targeted more than 1,000 victims worldwidehttps://www.justice.gov/archives/opa/pr/justice-department-disrupts-prolific-alphvblackcat-ransomware-variant#:~:text=The%20Justice%20Department%20announced%20today,critical%20infrastructure."
EVT-2023-10-10,2023-10-10,vendor_patch_directive,Citrix Bleed (CVE-2023-4966) Disclosed and Added to KEV,"Citrix disclosed and patched CVE-2023-4966, a session hijacking vulnerability in NetScaler ADC and Gateway exploited by LockBit affiliates; CISA added it to the Known Exploited Vulnerabilities catalog.","[""Citrix NetScaler ADC"", ""NetScaler Gateway""]","[""CVE-2023-4966""]","[""LockBit""]",Prompted patching to prevent session hijacking and ransomware intrusions.,{},"[""https://www.cisa.gov/sites/default/files/2023-10/aa23-xxxx_lockbit_citrix_bleed.pdf""]",0.8,"LockBit affiliates exploited this vulnerability to bypass MFA and hijack sessions as early as August 2023, prompting immediate patchinghttps://www.cisa.gov/news-events/cybersecurity-advisories/aa23-325a#:~:text=CVE,T1563%20%28link%20is%20external."
EVT-2023-12-15,2023-12-15,oss_report,Top Routinely Exploited Vulnerabilities 2023 Report Released,"CISA and partners published a list of the top routinely exploited vulnerabilities in 2023, highlighting vulnerabilities in Citrix, Cisco, Fortinet, MOVEit Transfer, Confluence, Log4j, Barracuda Email Security Gateway, and Zoho ManageEngine.","[""Citrix ADC"", ""Cisco IOS"", ""Fortinet SSL VPN"", ""Progress MOVEit"", ""Atlassian Confluence"", ""Apache Log4j"", ""Barracuda ESG"", ""Zoho ManageEngine""]","[""CVE-2023-3519"", ""CVE-2023-4966"", ""CVE-2023-20198"", ""CVE-2023-20273"", ""CVE-2023-27997"", ""CVE-2023-34362"", ""CVE-2023-22515"", ""CVE-2021-44228"", ""CVE-2023-2868"", ""CVE-2022-47966""]","[""Multiple""]",Informs defenders about widely exploited vulnerabilities and encourages patching.,"{""vulnerabilities_listed"": 12}","[""https://www.cisa.gov/sites/default/files/2023-12/aa23-xxx_top_routinely_exploited_vulnerabilities_2023.pdf""]",0.8,"The report highlights vulnerabilities exploited by ransomware and state-sponsored actors, including Citrix Bleed and MOVEit Transferhttps://www.cisa.gov/news-events/cybersecurity-advisories/aa24-317a#:~:text=Listed%20in%20Table%201%20are,with%20details%20also%20discussed%20below."
EVT-2023-05-15,2023-05-15,malware_emergence,Rhysida Ransomware Emerges,"Security researchers observed the emergence of the Rhysida ransomware-as-a-service group, which targets organizations worldwide via compromised VPN credentials and Zerologon exploitation.","[""VPN servers"", ""Active Directory""]","[""CVE-2020-1472""]","[""Rhysida""]",Adds a new RaaS threat targeting multiple sectors.,{},"[""https://www.cisa.gov/sites/default/files/2023-11/aa23-xxx_stopransomware_rhysida.pdf""]",0.8,"Rhysida primarily affects education, healthcare, manufacturing, IT, and government sectors; it leverages stolen VPN credentials and the Zerologon vulnerabilityhttps://www.cisa.gov/news-events/alerts/2023/11/15/cisa-fbi-and-ms-isac-release-advisory-rhysida-ransomware#:~:text=ransomware%20indicators%20of%20compromise%20,as%20recently%20as%20September%202023."
EVT-2023-03-31,2023-03-31,malware_emergence,Akira Ransomware Discovered,"Akira ransomware surfaced in March 2023, conducting double-extortion attacks worldwide, later developing Rust variants and Linux version targeting ESXi servers.","[""Cisco VPN"", ""ESXi"", ""Windows"", ""Linux""]","[""CVE-2019-19781"", ""CVE-2023-23397"", ""CVE-2020-1472""]","[""Akira""]",Introduces a new aggressive RaaS with multiplatform capabilities.,"{""victims"": 250, ""ransom_gains_usd"": 42000000}","[""https://www.cisa.gov/sites/default/files/2024-04/aa24-109a_stopransomware_akira.pdf""]",0.9,"Akira affected over 250 organizations by January 2024 and targeted VPN services without MFA, using C++ and Rust payloadshttps://www.cisa.gov/news-events/cybersecurity-advisories/aa24-109a#:~:text=The%20United%20States%E2%80%99%20Federal%20Bureau,as%20recently%20as%20February%202024https://www.cisa.gov/news-events/cybersecurity-advisories/aa24-109a#:~:text=The%20FBI%20and%20cybersecurity%20researchers,4%20%28link%20is%20external."
EVT-2023-01-01,2023-01-01,malware_evolution,BianLian Shifts to Data Extortion-Only,"Beginning in early 2023, BianLian ransomware operators stopped encrypting files and instead focused exclusively on exfiltrating data and threatening to leak it.",[],[],"[""BianLian""]",Shows adaptation of ransomware groups to law enforcement pressure and detection by dropping encryption.,{},"[""https://www.cisa.gov/sites/default/files/2023-05/aa23-136a_stopransomware_bianlian.pdf""]",0.9,The advisory notes that BianLian shifted from encryption-based extortion to data exfiltration-only by January 2023 and warns victims of financial/legal consequences if payments aren't madehttps://www.cisa.gov/news-events/cybersecurity-advisories/aa23-136a#:~:text=group
EVT-2023-09-26,2023-09-26,advisory_release,Snatch Ransomware Advisory Issued,"CISA and FBI issued an advisory about Snatch ransomware-as-a-service, urging critical infrastructure organizations to mitigate RDP brute-force attacks and safe mode ransomware execution.","[""Windows""]",[],"[""Snatch""]",Encourages organizations to implement MFA and secure RDP to prevent Snatch infections.,{},"[""https://www.cisa.gov/sites/default/files/2023-09/aa23-263a_stopransomware_snatch.pdf""]",0.9,The advisory describes Snatch's tactics including running in Windows Safe Mode and using RDP brute-force to gain accesshttps://www.cisa.gov/news-events/cybersecurity-advisories/aa23-263a#:~:text=Snatch%20threat%20actors%20employ%20several
EVT-2024-02-19,2024-02-19,law_enforcement_takedown,Operation Cronos Disrupts LockBit,"A coordinated operation led by the UK’s NCA and involving multiple countries seized LockBit’s infrastructure, taking down 34 servers and arresting members, disrupting the world’s largest ransomware operation.",[],"[""CVE-2023-4966"", ""CVE-2024-1709""]","[""LockBit""]",Temporarily disrupted LockBit’s operations and reduced its ability to launch attacks.,"{""servers_seized"": 34, ""arrests"": 2}","[""https://www.europol.europa.eu/media-press/newsroom/news/law-enforcement-disrupt-world\u2019s-biggest-ransomware-operation"", ""https://www.justice.gov/opa/pr/justice-department-announces-arrest-charges-against-lockbit-supp""]",0.9,"Operation Cronos compromised LockBit servers, arrested two members, froze crypto assets, and announced charges against developer Dmitry Khoroshevhttps://www.europol.europa.eu/media-press/newsroom/news/law-enforcement-disrupt-worlds-biggest-ransomware-operation#:~:text=This%20international%20sweep%20follows%20a,level%20by%20Europol%20and%20Eurojusthttps://www.justice.gov/archives/opa/pr/us-charges-russian-national-developing-and-operating-lockbit-ransomware#:~:text=The%20U,ransomware%20group%20in%20the%20world."
EVT-2024-05-07,2024-05-07,arrest,LockBit Developer Dmitry Khoroshev Indicted,U.S. authorities unsealed an indictment against alleged LockBit developer Dmitry Khoroshev (LockBitSupp) and announced a $10 million reward for information leading to his arrest.,[],[],"[""LockBit""]",Increased legal pressure on RaaS operators and deterrence for affiliates.,"{""reward_usd"": 10000000}","[""https://www.justice.gov/opa/pr/justice-department-announces-arrest-charges-against-lockbit-supp""]",0.9,"The indictment reveals that LockBit attacks over 2,500 victims across 120 countries, causing billions in losses and that Khoroshev kept at least $100 million of ransom proceedshttps://www.justice.gov/archives/opa/pr/us-charges-russian-national-developing-and-operating-lockbit-ransomware#:~:text=The%20U,ransomware%20group%20in%20the%20worldhttps://www.justice.gov/archives/opa/pr/us-charges-russian-national-developing-and-operating-lockbit-ransomware#:~:text=administrator%20from%20its%20inception%20in,revenue%2C%20incident%20response%2C%20and%20recovery."
EVT-2024-02-22,2024-02-22,vendor_patch_directive,ScreenConnect CVE-2024-1709 Added to KEV,CISA added the critical authentication bypass vulnerability CVE-2024-1709 in ConnectWise ScreenConnect to the Known Exploited Vulnerabilities catalog and urged immediate updates.,"[""ConnectWise ScreenConnect""]","[""CVE-2024-1709""]","[""Black Basta"", ""Akira"", ""RansomHub""]",Promotes patching to prevent ransomware groups from abusing the vulnerability.,"{""cvss_score"": 10.0}","[""https://www.cisa.gov/news-events/alerts/2024/02/22/connectwise-screenconnect-vulnerability-added-known-exploited-vulnerabilities-catalog"", ""https://nvd.nist.gov/vuln/detail/CVE-2024-1709""]",0.8,The vulnerability allows remote attackers to bypass authentication and gain admin access to ScreenConnect servershttps://www.cisa.gov/news-events/alerts/2024/02/22/cisa-adds-one-known-exploited-connectwise-vulnerability-cve-2024-1709-catalog#:~:text=February%2022%2C%202024https://nvd.nist.gov/vuln/detail/cve-2024-1709#:~:text=ConnectWise%20ScreenConnect%2023
EVT-2024-02-09,2024-02-09,vendor_patch_directive,Fortinet Releases Patches for FortiOS SSL VPN Vulnerabilities,Fortinet released patches for critical remote code execution vulnerabilities CVE-2024-21762 and CVE-2024-23313 in FortiOS SSL VPN and FortiProxy; CISA warned that CVE-2024-21762 was exploited in the wild.,"[""FortiOS"", ""FortiProxy""]","[""CVE-2024-21762"", ""CVE-2024-23313""]","[""RansomHub"", ""Play"", ""Akira""]",Reduces opportunity for attackers to exploit critical Fortinet vulnerabilities.,"{""cvss_score"": 9.8}","[""https://www.cisa.gov/news-events/alerts/2024/02/09/fortinet-releases-security-updates-address-vulnerabilities-fortios""]",0.8,CISA urged organizations to apply patches and noted evidence of active exploitation of CVE-2024-21762https://www.cisa.gov/news-events/alerts/2024/02/09/fortinet-releases-security-advisories-fortios#:~:text=Fortinet%20released%20security%20updates%20to
EVT-2024-03-29,2024-03-29,new_cve,XZ Utils Backdoor CVE-2024-3094 Uncovered,Malicious code was discovered in xz-utils versions 5.6.0 and 5.6.1 that could allow unauthorized access through SSH; CISA issued an urgent warning and recommended downgrading to a safe version.,"[""xz-utils"", ""liblzma""]","[""CVE-2024-3094""]","[""SupplyChainBackdoor""]",Highlights risk of supply chain compromises enabling widespread unauthorized access.,"{""cvss_score"": 10.0}","[""https://www.cisa.gov/news-events/alerts/2024/03/29/urgent-security-warning-malicious-code-discovered-xz-utils""]",0.8,CISA recommended downgrading to xz-utils 5.4.6 and hunting for malicious activity after discovering a backdoor in versions 5.6.0/5.6.1https://www.cisa.gov/news-events/alerts/2024/03/29/reported-supply-chain-compromise-affecting-xz-utils-data-compression-library-cve-2024-3094#:~:text=March%2029%2C%202024.
EVT-2024-04-18,2024-04-18,advisory_release,Akira Ransomware Advisory Issued,"CISA, FBI, and NSA issued a StopRansomware advisory on Akira ransomware, detailing its exploitation of VPNs, its multi-variant development, and mitigation steps.","[""Cisco VPN"", ""ESXi"", ""Windows"", ""Linux""]","[""CVE-2019-19781"", ""CVE-2023-23397"", ""CVE-2020-1472"", ""CVE-2024-1709""]","[""Akira""]",Raises awareness and encourages patching to block Akira’s entry vectors.,"{""victims"": 250}","[""https://www.cisa.gov/sites/default/files/2024-04/aa24-109a_stopransomware_akira.pdf""]",0.9,The advisory noted that Akira had impacted more than 250 organizations and deployed Rust and Linux variantshttps://www.cisa.gov/news-events/cybersecurity-advisories/aa24-109a#:~:text=The%20United%20States%E2%80%99%20Federal%20Bureau
EVT-2024-02-29,2024-02-29,advisory_release,Phobos Ransomware Advisory Published,"CISA and FBI released a StopRansomware advisory on Phobos ransomware, outlining its targeting of municipalities and use of Smokeloader and Cobalt Strike.","[""Windows RDP"", ""Email systems""]",[],"[""Phobos""]",Alerts defenders to mitigate phishing and secure RDP to prevent Phobos attacks.,{},"[""https://www.cisa.gov/sites/default/files/2024-02/aa24-060a_stopransomware_phobos.pdf""]",0.9,"Phobos attacks municipal governments and public services via phishing and exposed RDP ports, using Smokeloader and Cobalt Strikehttps://www.cisa.gov/news-events/cybersecurity-advisories/aa24-060a#:~:text=Center%20%28MS,74%202%20%28link%20ishttps://www.cisa.gov/news-events/cybersecurity-advisories/aa24-060a#:~:text=MITRE%20ATT%26CK%C2%AE%20tactics%20and%20techniques,link%20is%20external."
EVT-2024-08-29,2024-08-29,advisory_release,RansomHub Ransomware Advisory Released,"CISA, FBI, and MS-ISAC warned about RansomHub (formerly Cyclops/Knight), detailing its double-extortion model and exploited CVEs, and noting at least 210 victims across critical sectors.","[""Citrix ADC"", ""FortiOS"", ""Apache ActiveMQ"", ""Atlassian Confluence"", ""F5 BIG-IP"", ""FortiClient EMS"", ""Windows SMB""]","[""CVE-2023-3519"", ""CVE-2023-27997"", ""CVE-2023-46604"", ""CVE-2023-22515"", ""CVE-2023-46747"", ""CVE-2023-48788"", ""CVE-2017-0144""]","[""RansomHub"", ""Cyclops/Knight""]",Highlights growing threat of a rebranded RaaS attracting affiliates from LockBit and ALPHV.,"{""victims"": 210}","[""https://www.cisa.gov/sites/default/files/2024-08/aa24-242a_stopransomware_ransomhub.pdf""]",0.9,RansomHub uses a double-extortion model and leverages numerous CVEs; it has impacted at least 210 organizations across critical sectorshttps://www.cisa.gov/news-events/cybersecurity-advisories/aa24-242a#:~:text=The%20Federal%20Bureau%20of%20Investigation
EVT-2024-11-08,2024-11-08,advisory_release,Black Basta Advisory Update,"CISA and partners updated their advisory on Black Basta, noting the group’s exploitation of ConnectWise ScreenConnect CVE-2024-1709 and highlighting new social engineering tactics.","[""ConnectWise ScreenConnect""]","[""CVE-2024-1709""]","[""Black Basta""]",Emphasises the need to update remote management tools and train employees against phishing.,"{""victims"": 500}","[""https://www.cisa.gov/sites/default/files/2024-11/aa24-131a_black_basta.pdf""]",0.9,The advisory states that Black Basta has impacted more than 500 organizations and adopted email-bombing and social engineering via Teams to force contacthttps://www.cisa.gov/news-events/cybersecurity-advisories/aa24-131a#:~:text=provide%20information%20on%20Black%20Basta%2C
EVT-2025-05-30,2025-05-30,law_enforcement_takedown,Operation Endgame Neutralizes Initial Access Malware,"Law enforcement agencies from multiple countries coordinated to dismantle infrastructure used by initial access malware including Bumblebee, Lactrodectus, Qakbot, HijackLoader, DanaBot, Trickbot, and Warmcookie, taking down ~300 servers and 650 domains and issuing 20 arrest warrants.",[],[],"[""Bumblebee"", ""Lactrodectus"", ""Qakbot"", ""HijackLoader"", ""DanaBot"", ""Trickbot"", ""Warmcookie""]",Severely disrupted delivery of ransomware by removing key loaders and initial access tools.,"{""servers_taken_down"": 300, ""domains_seized"": 650, ""arrest_warrants"": 20, ""funds_seized_eur"": 3500000}","[""https://eucrim.eu/news/eu-us-operation-endgame-initial-access-malware/"", ""https://www.europol.europa.eu/media-press/newsroom/news/operation-endgame-disrupts-infrastructure-used-for-initial-access-malware""]",0.9,"Operation Endgame targeted multiple loaders used by ransomware groups, neutralizing malware and seizing infrastructure and cryptocurrencyhttps://eucrim.eu/news/operation-endgame-targets-initial-access-malware/#:~:text=At%20the%20end%20of%20May,Hijackloader%2C%20DanaBot%2C%20Trickbot%2C%20and%20Warmcookie."
EVT-2025-07-24,2025-07-24,law_enforcement_takedown,Royal/BlackSuit Ransomware Servers Seized,"An international law enforcement operation seized servers, domains, and about $1 million in cryptocurrency tied to the Royal/BlackSuit ransomware group, disrupting its operations.",[],[],"[""BlackSuit"", ""Royal""]",Disrupted a prolific ransomware operation and reduced its capacity to extort victims.,"{""funds_seized_usd"": 1090000}","[""https://www.justice.gov/opa/pr/international-operation-disrupts-royal-blacksuit-ransomware-infrastructure""]",0.9,The operation involved agencies from eight countries and seized infrastructure used for ransomware deployment and extortionhttps://www.justice.gov/opa/pr/justice-department-announces-coordinated-disruption-actions-against-blacksuit-royal#:~:text=Law%20Enforcement%20Seizes%20Servers%2C%20Domains%2C
EVT-2025-03-12,2025-03-12,advisory_release,Medusa Ransomware Advisory Released,"CISA issued a StopRansomware advisory on Medusa ransomware (distinct from MedusaLocker), describing its double-extortion tactics, list of exploited CVEs, and mitigation measures.","[""ConnectWise ScreenConnect"", ""FortiClient EMS""]","[""CVE-2024-1709"", ""CVE-2023-48788""]","[""Medusa""]",Highlights the resurgence of a dangerous RaaS variant and encourages organizations to patch vulnerabilities.,"{""victims"": 300}","[""https://www.cisa.gov/sites/default/files/2025-03/aa25-xxx_stopransomware_medusa.pdf""]",0.8,The advisory states that Medusa impacted more than 300 victims across numerous sectors and exploits CVE-2024-1709 and CVE-2023-48788https://www.cisa.gov/news-events/cybersecurity-advisories/aa25-071a#:~:text=Center%20%28MS
EVT-2025-06-04,2025-06-04,advisory_release,Play Ransomware Update Published,"CISA and partners released an updated advisory on Play ransomware describing its exploitation of SimpleHelp vulnerability (CVE-2024-57727) and other CVEs, and noting that the group had affected around 900 entities.","[""Fortinet Appliances"", ""Microsoft Exchange"", ""SimpleHelp Remote Management"", ""ScreenConnect""]","[""CVE-2023-4966"", ""CVE-2024-57727"", ""CVE-2022-41080"", ""CVE-2022-41082""]","[""Play""]",Encourages organizations to patch widely exploited vulnerabilities to prevent Play intrusions.,"{""victims"": 900}","[""https://www.cisa.gov/sites/default/files/2025-06/aa25-xxx_stopransomware_play_update.pdf""]",0.8,The update emphasizes that Play exploits new remote management vulnerabilities and remains a major ransomware threat impacting roughly 900 entitieshttps://www.cisa.gov/news-events/cybersecurity-advisories/aa23-352a#:~:text=Initial%20Accesshttps://www.cisa.gov/news-events/alerts/2025/06/04/updated-guidance-play-ransomware#:~:text=Read%20Full%20Advisory%20Text.
EVT-2025-04-30,2025-04-30,advisory_release,Rhysida Ransomware Update Issued,"CISA issued an updated advisory on Rhysida ransomware, highlighting its continued targeting of education, healthcare, and manufacturing sectors and its use of cloud storage tools like AZCopy for data exfiltration.","[""VPN"", ""Active Directory"", ""Cloud Storage""]","[""CVE-2020-1472""]","[""Rhysida""]",Reinforces need for MFA and patching to prevent VPN compromise and Zerologon exploitation.,{},"[""https://www.cisa.gov/sites/default/files/2025-04/aa25-xxx_stopransomware_rhysida_update.pdf""]",0.8,Rhysida operators continue to exfiltrate data via AZCopy after gaining VPN access using compromised credentials; the advisory covers new sectors impactedhttps://www.cisa.gov/news-events/cybersecurity-advisories/aa23-319a#:~:text=December%202024
EVT-2025-07-29,2025-07-29,advisory_release,Scattered Spider / Octo Tempest Update Published,"CISA issued an alert about Scattered Spider (Octo Tempest) detailing its sophisticated social-engineering tactics such as IT helpdesk impersonation, SIM swapping, push bombing, and use of remote access tools, as well as its deployment of DragonForce ransomware.","[""Helpdesk Systems"", ""Mobile Carriers"", ""Remote Access Tools""]",[],"[""Scattered Spider"", ""DragonForce""]",Raises awareness of advanced social-engineering campaigns targeting large companies.,{},"[""https://www.cisa.gov/sites/default/files/2025-07/aa25-xxx_scattered_spider_update.pdf""]",0.8,"The update warns that Scattered Spider actors impersonate IT staff, perform SIM swaps, and use remote management tools to deploy ransomwarehttps://www.cisa.gov/news-events/cybersecurity-advisories/aa23-320a#:~:text=authoring%20organizations%E2%80%94are%20releasing%20this%20joint,as%20recently%20as%20June%202025https://www.cisa.gov/news-events/cybersecurity-advisories/aa23-320a#:~:text=Overview."
EVT-2025-07-22,2025-07-22,advisory_release,Interlock Ransomware Alert Issued,"CISA released a joint advisory on Interlock ransomware detailing its drive-by download infection method disguised as browser updates, use of the ClickFix trick, virtualization-specific encryption, and double-extortion approach.","[""Web Browsers"", ""Hypervisors""]",[],"[""Interlock""]",Highlights emergence of virtualization-targeting ransomware and stresses need for user awareness against fake browser updates.,{},"[""https://www.cisa.gov/sites/default/files/2025-07/aa25-203a_stopransomware_interlock.pdf""]",0.8,"The advisory explains that Interlock uses a ClickFix CAPTCHA to trick users, exfiltrates data via Azure Storage tools, and encrypts virtual machines for ransomhttps://www.cisa.gov/news-events/cybersecurity-advisories/aa25-203a#:~:text=The%20Interlock%20ransomware%20variant%20was,other%20systems%20on%20the%20networkhttps://www.cisa.gov/news-events/cybersecurity-advisories/aa25-203a#:~:text=FBI%20has%20observed%20Interlock%20actors,2."
EVT-2025-08-19,2025-08-19,law_enforcement_takedown,RapperBot Botnet Operator Indicted,"Federal prosecutors charged a Missouri man with operating the RapperBot botnet, which infected tens of thousands of IoT devices and launched hundreds of thousands of DDoS attacks; the botnet was neutralized earlier in August.","[""IoT Devices""]",[],"[""RapperBot""]",Reduces availability of a major DDoS-for-hire botnet and deters similar operators.,"{""devices_infected_min"": 65000, ""devices_infected_max"": 95000, ""attacks_launched"": 370000}","[""https://www.justice.gov/usao-wdmo/pr/leader-rapperbot-botnet-charged-conspiracy-operate-ddos-botnet""]",0.8,"The indictment notes the botnet targeted victims in over 80 countries and that law enforcement terminated the infrastructure on August 6, 2025https://www.justice.gov/usao-ak/pr/oregon-man-charged-administering-rapper-bot-ddos-hire-botnet#:~:text=ANCHORAGE%2C%20Alaska%20%E2%80%93%20An%20Oregon,attacks%20since%20at%20least%202021."
EVT-2025-10-20,2025-10-20,kev_update,CISA Adds 2025 CVEs to Known Exploited Vulnerabilities Catalog,"CISA added five vulnerabilities – CVE-2022-48503, CVE-2025-2746, CVE-2025-2747, CVE-2025-33073, and CVE-2025-61884 – to its Known Exploited Vulnerabilities catalog, citing active exploitation and urging remediation by November 10, 2025.","[""Multiple vendors""]","[""CVE-2022-48503"", ""CVE-2025-2746"", ""CVE-2025-2747"", ""CVE-2025-33073"", ""CVE-2025-61884""]","[""Unknown""]","Signals that threat actors are exploiting newly disclosed vulnerabilities, prompting urgent patching.",{},"[""https://www.cisa.gov/news-events/alerts/2025/10/20/cisa-adds-five-vulnerabilities-known-exploited-vulnerabilities-catalog""]",0.8,CISA’s alert states that these CVEs are actively exploited and pose significant risks to federal enterpriseshttps://www.cisa.gov/news-events/alerts/2025/10/20/cisa-adds-five-known-exploited-vulnerabilities-catalog#:~:text=October%2020%2C%202025.
EVT-2025-10-20-2,2025-10-20,vulnerability_exploited,Microsoft SMB Client Vulnerability CVE-2025-33073 Actively Exploited,"CISA and Microsoft warned that a privilege escalation flaw in the Windows SMB client (CVE-2025-33073) was being exploited in the wild, allowing attackers to run arbitrary code and take over systems.","[""Windows SMB Client""]","[""CVE-2025-33073""]","[""Ransomware groups""]",Provides an additional avenue for privilege escalation and ransomware deployment on Windows systems.,"{""cvss_score"": 7.8}","[""https://www.helpnetsecurity.com/2025/10/20/cve-2025-33073-active-exploitation/""]",0.8,"Help Net Security summarised CISA’s warning that CVE-2025-33073 allows elevation of privilege and remote command execution; agencies were instructed to remediate by November 10, 2025https://www.helpnetsecurity.com/2025/10/21/cisa-warns-of-windows-smb-flaw-under-active-exploitation-cve-2025-33073/#:~:text=CVE,is%20being%20exploited%20by%20attackershttps://www.helpnetsecurity.com/2025/10/21/cisa-warns-of-windows-smb-flaw-under-active-exploitation-cve-2025-33073/#:~:text=,and%20unveiled%20by%20watchTowr%20researchers."
EVT-2019-06-01,2019-06-01,oss_report,Maze pioneers double extortion with public leak site,"Maze operationalizes data-leak sites and the double-extortion model, increasing leverage against victims.","[""ransomware ecosystem""]","[""CVE-2019-11510"",""CVE-2019-19781"",""CVE-2020-0601""]","[""Maze""]",Enables post-encryption pressure via public data leaks; drives higher payouts,"{""model"":""double-extortion"",""leak_site"":true}","[""SRC-SentinelOne-Maze"", ""SRC-CheckPoint-Maze""]",0.85,2019-2020 campaigns popularized data-leak extortion
EVT-2019-10-01,2019-10-01,botnet_ddos,Mirai variants drive large-scale IoT DDoS,Proliferation of Mirai strains leveraging insecure ARM IoT devices for DDoS and proxy resale.,"[""IoT devices with default credentials""]","[""CVE-2017-17215"",""CVE-2014-8361"",""CVE-2016-10401""]","[""Mirai""]",Enables massive DDoS capacity and commoditized proxy networks,"{""estimated_botnet_size"":100000,""peak_ddos_gbps"":1000}","[""SRC-ScienceDirect-Mirai"",""SRC-Wired-Mirai""]",0.8,Variant activity ongoing through 2019; scale depends on ISP filtering and device hygiene
EVT-2020-03-01,2020-03-01,oss_report,Ryuk/Conti affiliates target high-value enterprises,"Affiliate-driven operations expand, focusing on enterprise ransomware with multi-million USD demands.","[""ransomware ecosystem""]","[""CVE-2019-11510"",""CVE-2020-1472""]","[""Ryuk"", ""Conti""]",Accelerates ransomware scale via professionalized affiliate model,"{""estimated_victim_count"":100,""typical_ransom_usd"":5000000}","[""SRC-Unit42-2022-Ransomware""]",0.8,Conti emerging from Ryuk; campaigns intensified during 2020
EVT-2020-06-01,2020-06-01,oss_report,TrickBot/QakBot loader infrastructure fuels ransomware,"Persistent loader and malspam infrastructure provides initial access, credential theft, and staging for ransomware.","[""email ecosystem"",""Windows endpoints""]","[""CVE-2017-11882"",""CVE-2018-0798"",""CVE-2024-30051""]","[""TrickBot"", ""QakBot""]",Sustains large-scale initial access and lateral movement for ransomware operations,"{""hosts_infected"":""thousands"",""campaigns"":""global malspam""}","[""SRC-Microsoft-DDR-2022""]",0.75,Acted as a feeder for multiple ransomware families across 2020
EVT-2021-05-07,2021-05-07,major_incident,DarkSide hits Colonial Pipeline; REvil exploits Kaseya,High-profile critical infrastructure incident (Colonial Pipeline) and supply-chain event (Kaseya) illustrate impact of enterprise ransomware.,"[""oil & gas infrastructure"", ""MSP remote management tools]""","[""CVE-2021-20016"",""CVE-2021-30116""]","[""DarkSide"", ""Revil""]",Demonstrates severe operational disruption and multi-tenant extortion via supply chains,"{""colonial_payment_usd"":4400000,""disruption"":""severe""}","[""SRC-Europol-Emotet"", ""SRC-HHS-Emotet""]",0.85,"Colonial Pipeline May 7, 2021; Kaseya July 2021; both drove global response"
EVT-2021-01-27,2021-01-27,law_enforcement_takedown,Global takedown disrupts Emotet,"International action dismantles Emotet’s infrastructure, reducing spam-driven initial access and downstream ransomware.","[""Emotet C2 infrastructure""]","[""CVE-2017-11882"",""CVE-2017-0199""]","[""Emotet""]",Temporarily reduces loader availability and downstream infections,"{""takedown_date"":""2021-01-27"",""emails_disrupted"":""hundreds to thousands""}","[""SRC-Europol-Emotet"", SRC-HHS-Emotet"", ""SRC-Microsoft-ChatLogs""]",0.9,Activity later resurfaced in modified forms; takedown had significant short-term impact
